{
  "name": "Noraneko42A",
  "pid": "0x1546",
  "vid": "0x7A79",
  "lighting": "vialrgb",
  "matrix": {
    "rows": 4,
    "cols": 12
  },
  "customKeycodes": [
    {
      "shortName": "START\nCOLOR\nLAYER",
      "title": "START COLOR LAYER",
      "name": "START_COLOR_LAYER"
    },
    {
      "shortName": "SET\nCOLOR\nLAYER0",
      "title": "SET COLOR LAYER0",
      "name": "SET_COLOR_LAYER0"
    },
    {
      "shortName": "SET\nCOLOR\nLAYER1",
      "title": "SET COLOR LAYER1",
      "name": "SET_COLOR_LAYER1"
    },
    {
      "shortName": "SET\nCOLOR\nLAYER2",
      "title": "SET COLOR LAYER2",
      "name": "SET_COLOR_LAYER2"
    },
    {
      "shortName": "SET\nCOLOR\nLAYER3",
      "title": "SET COLOR LAYER3",
      "name": "SET_COLOR_LAYER3"
    }
  ],
  "layouts": {
    "keymap": [
      [
        {
          "y": 0.05,
          "x": 0.25,
          "f": 1
        },
        "0,0",
        "0,1",
        {
          "x": 9.75
        },
        "0,10",
        "0,11"
      ],
      [
        {
          "x": 0.15,
          "w": 1.25
        },
        "1,0",
        "1,1",
        {
          "x": 9.95
        },
        "1,10",
        "1,11"
      ],
      [
        {
          "w": 1.75
        },
        "2,0",
        "2,1",
        {
          "x": 9.25
        },
        "2,10",
        {
          "w": 1.25
        },
        "2,11"
      ],
      [
        {
          "x": 1,
          "w": 1.25
        },
        "3,0",
        {
          "x": 10.25,
          "w": 1.25
        },
        "3,10"
      ],
      [
        {
          "r": 10,
          "rx": 3,
          "ry": 4.25,
          "y": -4.25,
          "x": -1
        },
        "0,2",
        "0,3",
        "0,4",
        "0,5"
      ],
      [
        {
          "x": -0.75
        },
        "1,2",
        "1,3",
        "1,4",
        "1,5"
      ],
      [
        {
          "x": -0.25
        },
        "2,2",
        "2,3",
        "2,4",
        "2,5"
      ],
      [
        {
          "x": 1,
          "w": 2
        },
        "3,3",
        "3,5"
      ],
      [
        {
          "r": -10,
          "rx": 12.5,
          "y": -4.25,
          "x": -4.25
        },
        "0,6",
        "0,7",
        "0,8",
        "0,9"
      ],
      [
        {
          "x": -4
        },
        "1,6",
        "1,7",
        "1,8",
        "1,9"
      ],
      [
        {
          "x": -4.5
        },
        "2,6",
        "2,7",
        "2,8",
        "2,9"
      ],
      [
        {
          "x": -4.25
        },
        "3,6",
        {
          "w": 2
        },
        "3,7"
      ]
    ]
  }
}