{
  "keyboard_name": "Noraneko42C",
  "maintainer": "Daraku-Neko",
  "bootloader": "caterina",
  "processor": "atmega32u4",
  "diode_direction": "COL2ROW",
  "features": {
    "audio": false,
    "backlight": false,
    "bootmagic": false,
    "command": false,
    "console": false,
    "encoder": false,
    "extrakey": true,
    "mousekey": true,
    "nkro": false,
    "oled": false,
    "via": true,
    "wpm": false
},
  "matrix_pins": {
      "cols": ["F4", "F5", "F6", "F7", "B1", "B3", "B2", "B6", "B5", "B4", "E6", "D7"],
      "rows": ["C6", "D4", "D0", "D1"]
  },
  "matrix_size": {
      "cols": 12,
      "rows": 4
  },
  "debounce": 5,
  "url": ""
}