{
  "name": "Noraneko43TS",
  "vendorId": "0x7A79",
  "productId": "0x1563",
  "lighting": "vialrgb",
  "matrix": {
    "rows": 4,
    "cols": 13
  },
  "layouts": {
    "keymap": [
      [
        {
          "x": 1.25,
          "w": 1.5
        },
        "0,1",
        "0,2",
        "0,3",
        "0,4",
        "0,5",
        "0,6",
        {
          "x": 0.5
        },
        "0,7",
        "0,8",
        "0,9",
        "0,10",
        "0,11",
        "0,12"
      ],
      [
        {
          "x": 1.25,
          "w": 1.75
        },
        "1,1",
        "1,2",
        "1,3",
        "1,4",
        "1,5",
        "1,6",
        "1,7",
        "1,8",
        "1,9",
        "1,10",
        "1,11",
        "1,12"
      ],
      [
        "2,0",
        {
          "w": 1.75
        },
        "2,1",
        "2,2",
        "2,3",
        "2,4",
        "2,5",
        "2,6",
        {
          "x": 0.5
        },
        "2,7",
        "2,8",
        "2,9",
        "2,10",
        "2,11",
        "2,12"
      ],
      [
        {
          "x": 2.75,
          "w": 1.25
        },
        "3,4",
        {
          "w": 1.25
        },
        "3,5",
        {
          "w": 2.75
        },
        "3,6",
        {
          "w": 2.25
        },
        "3,7",
        {
          "w": 1.25
        },
        "3,8",
        {
          "w": 1.25
        },
        "3,9"
      ]
    ]
  }
}