{
	"name": "Noraneko52R",
	"vendorId": "0xFEED",
	"productId": "0x1527",
	"lighting": "vialrgb",
	"matrix": {
		"rows": 5,
		"cols": 12
	},
	"layouts": {
		"keymap": [
			[
				"0,0",
				{
					"x": 0.25
				},
				"0,1",
				"0,2",
				"0,3",
				"0,4",
				{
					"x": 1.5
				},
				"0,5",
				"0,6",
				"0,7",
				"0,8",
				{
					"x": 0.25
				},
				"0,9"
			],
			[
				"1,0",
				"1,1",
				"1,2",
				"1,3",
				"1,4",
				"1,5",
				"1,6",
				"1,7",
				"1,8",
				"1,9",
				"1,10",
				"1,11"
			],
			[
				{
					"w": 1.25
				},
				"2,0",
				"2,1",
				"2,2",
				"2,3",
				"2,4",
				"2,5",
				"2,6",
				"2,7",
				"2,8",
				"2,9",
				{
					"w": 1.75
				},
				"2,10"
			],
			[
				{
					"w": 1.75
				},
				"3,0",
				"3,1",
				"3,2",
				"3,3",
				"3,4",
				"3,5",
				"3,6",
				"3,7",
				"3,8\n,",
				"3,9\n.",
				{
					"w": 1.25
				},
				"3,10"
			],
			[
				"4,0",
				{
					"w": 1.25
				},
				"4,1",
				"4,2",
				{
					"w": 2.75
				},
				"4,3",
				{
					"w": 2.25
				},
				"4,4",
				"4,5",
				{
					"w": 1.25
				},
				"4,6",
				{
					"w": 1.5
				},
				"4,7"
			]
		]
	}
}